method,fold,ece,brier,auroc,auprc,accuracy,precision,recall,f1,mcc,specificity,npv,tp,fp,tn,fn,optimal_threshold,opt_precision,opt_recall,threshold_fallback,dataset,model_type,threshold_source
boosting,2,0.030084132294456053,0.11433865214423466,0.8971484375000001,0.8503832705847496,0.83125,0.8205645161290323,0.8479166666666667,0.834016393442623,0.6628683625527884,0.8145833333333333,0.8426724137931034,407,89,391,73,0.7581322080979042,0.8205645161290323,0.8479166666666667,False,val,auprc,
beta,4,0.029552135033949267,0.10768354947966192,0.9097541666666666,0.858378189061981,0.86,0.8,0.96,0.8727272727272728,0.7348469228349535,0.76,0.95,576,144,456,24,0.25051190246629007,0.8,0.96,False,test,auprc,validation
beta,5,0.028529911524935406,0.10086403388592724,0.9196875000000001,0.8786516984775383,0.87,0.8180515759312321,0.9516666666666667,0.8798151001540833,0.7500727712729265,0.7883333333333333,0.9422310756972112,571,127,473,29,0.22394833213195486,0.8180515759312321,0.9516666666666667,False,test,auprc,validation
beta,4,0.040058989048284775,0.09779645471487389,0.9287022569444445,0.9003371107930602,0.8770833333333333,0.8209219858156028,0.9645833333333333,0.8869731800766283,0.7659870468128636,0.7895833333333333,0.9570707070707071,463,101,379,17,0.25051190246629007,0.8209219858156028,0.9645833333333333,False,val,auprc,
temperature,2,0.1145005294859099,0.12598259904718204,0.8977864583333334,0.8535732657967288,0.834375,0.8203592814371258,0.85625,0.8379204892966362,0.6693909348874123,0.8125,0.8496732026143791,411,90,390,69,0.699360191822052,0.8203592814371258,0.85625,False,val,auprc,
temperature,5,0.1320814636334156,0.12086802665653518,0.919688888888889,0.8786561928803851,0.87,0.8180515759312321,0.9516666666666667,0.8798151001540833,0.7500727712729265,0.7883333333333333,0.9422310756972112,571,127,473,29,0.40304306149482727,0.8180515759312321,0.9516666666666667,False,test,auprc,validation
isotonic,5,0.03754595282565181,0.10400213852513804,0.9087955729166667,0.8583278852314488,0.8708333333333333,0.8248175182481752,0.9416666666666667,0.8793774319066148,0.7492230166132511,0.8,0.9320388349514563,452,96,384,28,0.5440000295639038,0.8248175182481752,0.9416666666666667,False,val,auprc,
temperature,1,0.038833259046077734,0.10611396467230932,0.914453125,0.8806468186078613,0.8635416666666667,0.8201834862385321,0.93125,0.8721951219512195,0.7338429519038969,0.7958333333333333,0.9204819277108434,447,98,382,33,0.4727664887905121,0.8201834862385321,0.93125,False,val,auprc,
platt,4,0.06064924968641911,0.11505777613799836,0.9097555555555555,0.8583896937077804,0.86,0.8,0.96,0.8727272727272728,0.7348469228349535,0.76,0.95,576,144,456,24,0.1967740962930561,0.8,0.96,False,test,auprc,validation
temperature,5,0.13383522550963486,0.12457736528931738,0.9101519097222222,0.8621925866266702,0.8708333333333333,0.8212996389891697,0.9479166666666666,0.8800773694390716,0.7506406835915439,0.79375,0.9384236453201971,455,99,381,25,0.40304306149482727,0.8212996389891697,0.9479166666666666,False,val,auprc,
platt,3,0.04973821760239969,0.10003936449423939,0.9257855902777778,0.8883338560928162,0.8708333333333333,0.8201438848920863,0.95,0.8803088803088803,0.7511417811268188,0.7916666666666666,0.9405940594059405,456,100,380,24,0.18734138974999245,0.8201438848920863,0.95,False,val,auprc,
platt,5,0.05734066895414675,0.10462127726161537,0.919688888888889,0.8786561928803851,0.87,0.8180515759312321,0.9516666666666667,0.8798151001540833,0.7500727712729265,0.7883333333333333,0.9422310756972112,571,127,473,29,0.16507476475386135,0.8180515759312321,0.9516666666666667,False,test,auprc,validation
platt,3,0.07198991353303952,0.10671888975696331,0.9191694444444444,0.8849378509797675,0.87,0.8066298342541437,0.9733333333333334,0.8821752265861027,0.7563280556532558,0.7666666666666667,0.9663865546218487,584,140,460,16,0.18734138974999245,0.8066298342541437,0.9733333333333334,False,test,auprc,validation
beta,2,0.02733188616478043,0.10429987686412351,0.9138583333333334,0.8745543757740541,0.85,0.8488372093023255,0.8516666666666667,0.8502495840266222,0.7000038889212966,0.8483333333333334,0.8511705685618729,511,91,509,89,0.7507509273167992,0.8488372093023255,0.8516666666666667,False,test,auprc,validation
boosting,3,0.023520628036527776,0.0959575880246464,0.924826388888889,0.8929286012240069,0.8708333333333333,0.8201438848920863,0.95,0.8803088803088803,0.7511417811268188,0.7916666666666666,0.9405940594059405,456,100,380,24,0.36584532443997353,0.8201438848920863,0.95,False,val,auprc,
platt,2,0.06857022372336734,0.1101803111636248,0.9138583333333334,0.8745543757740541,0.85,0.8488372093023255,0.8516666666666667,0.8502495840266222,0.7000038889212966,0.8483333333333334,0.8511705685618729,511,91,509,89,0.5623726947473221,0.8488372093023255,0.8516666666666667,False,test,auprc,validation
temperature,3,0.10760720573055245,0.11225103381934903,0.9191694444444444,0.8849378509797675,0.87,0.8066298342541437,0.9733333333333334,0.8821752265861027,0.7563280556532558,0.7666666666666667,0.9663865546218487,584,140,460,16,0.3620181083679199,0.8066298342541437,0.9733333333333334,False,test,auprc,validation
isotonic,1,0.01883080409529307,0.09749623663256353,0.9167930555555556,0.866811722168887,0.8716666666666667,0.8289085545722714,0.9366666666666666,0.8794992175273866,0.7496952518513121,0.8066666666666666,0.9272030651340997,562,116,484,38,0.5714285969734192,0.8289085545722714,0.9366666666666666,False,test,auprc,validation
temperature,2,0.09784811080743869,0.112919184031774,0.9138583333333334,0.8745543757740541,0.85,0.8488372093023255,0.8516666666666667,0.8502495840266222,0.7000038889212966,0.8483333333333334,0.8511705685618729,511,91,509,89,0.699360191822052,0.8488372093023255,0.8516666666666667,False,test,auprc,validation
isotonic,5,0.016225598454475413,0.09976502148802809,0.9183541666666666,0.8714771235834367,0.8716666666666667,0.8231884057971014,0.9466666666666667,0.8806201550387597,0.7518396496372715,0.7966666666666666,0.9372549019607843,568,122,478,32,0.5440000295639038,0.8231884057971014,0.9466666666666667,False,test,auprc,validation
beta,1,0.01978534274784985,0.09785064053903059,0.9172694444444445,0.8659835144106961,0.8758333333333334,0.8282387190684134,0.9483333333333334,0.8842268842268842,0.7596953896067068,0.8033333333333333,0.9395711500974658,569,118,482,31,0.5261579474934314,0.8282387190684134,0.9483333333333334,False,test,auprc,validation
boosting,5,0.04032964697989106,0.10420970988590228,0.9118467881944445,0.871707628292638,0.8708333333333333,0.822463768115942,0.9458333333333333,0.8798449612403102,0.7501539105125242,0.7958333333333333,0.9362745098039216,454,98,382,26,0.3406464353035773,0.822463768115942,0.9458333333333333,False,val,auprc,
boosting,1,0.015779021169624194,0.09763857448175066,0.9148194444444444,0.86156786081557,0.8758333333333334,0.8282387190684134,0.9483333333333334,0.8842268842268842,0.7596953896067068,0.8033333333333333,0.9395711500974658,569,118,482,31,0.5469908587721745,0.8282387190684134,0.9483333333333334,False,test,auprc,validation
beta,2,0.044091141978383416,0.11466172652562721,0.8977864583333334,0.8535732657967288,0.834375,0.8203592814371258,0.85625,0.8379204892966362,0.6693909348874123,0.8125,0.8496732026143791,411,90,390,69,0.7507509273167992,0.8203592814371258,0.85625,False,val,auprc,
isotonic,3,0.021195611529983574,0.09906403473867569,0.9192208333333334,0.8836543777036683,0.8716666666666667,0.8194842406876791,0.9533333333333334,0.8813559322033899,0.7534514774498317,0.79,0.9442231075697212,572,126,474,28,0.3945018947124481,0.8194842406876791,0.9533333333333334,False,test,auprc,validation
isotonic,4,0.020527661127659177,0.10562397957399981,0.9092805555555555,0.8643479580153404,0.8616666666666667,0.8056338028169014,0.9533333333333334,0.8732824427480916,0.735804628080189,0.77,0.9428571428571428,572,138,462,28,0.36124056577682495,0.8056338028169014,0.9533333333333334,False,test,auprc,validation
beta,3,0.020702404992169784,0.09929691667731981,0.9191694444444444,0.8849378509797675,0.87,0.8066298342541437,0.9733333333333334,0.8821752265861027,0.7563280556532558,0.7666666666666667,0.9663865546218487,584,140,460,16,0.22501037373956193,0.8066298342541437,0.9733333333333334,False,test,auprc,validation
platt,5,0.07426609567371488,0.11227919751846911,0.9101519097222222,0.8621925866266702,0.8708333333333333,0.8212996389891697,0.9479166666666666,0.8800773694390716,0.7506406835915439,0.79375,0.9384236453201971,455,99,381,25,0.16507476475386135,0.8212996389891697,0.9479166666666666,False,val,auprc,
platt,2,0.07870595695676094,0.12116209030844761,0.8977864583333334,0.8535732657967288,0.834375,0.8203592814371258,0.85625,0.8379204892966362,0.6693909348874123,0.8125,0.8496732026143791,411,90,390,69,0.5623726947473221,0.8203592814371258,0.85625,False,val,auprc,
platt,4,0.0748726525287872,0.10263736707352322,0.9287022569444445,0.9003371107930602,0.8770833333333333,0.8209219858156028,0.9645833333333333,0.8869731800766283,0.7659870468128636,0.7895833333333333,0.9570707070707071,463,101,379,17,0.1967740962930561,0.8209219858156028,0.9645833333333333,False,val,auprc,
temperature,3,0.09346708068624138,0.1046591721509626,0.9257855902777778,0.8883338560928162,0.8708333333333333,0.8201438848920863,0.95,0.8803088803088803,0.7511417811268188,0.7916666666666666,0.9405940594059405,456,100,380,24,0.3620181083679199,0.8201438848920863,0.95,False,val,auprc,
isotonic,1,0.01570988900396817,0.10583410429481722,0.9149457465277777,0.8761798291845966,0.8635416666666667,0.8213627992633518,0.9291666666666667,0.8719452590420333,0.7334279978454245,0.7979166666666667,0.9184652278177458,446,97,383,34,0.5714285969734192,0.8213627992633518,0.9291666666666667,False,val,auprc,
beta,3,0.035042180402220395,0.09584103820664466,0.9257855902777778,0.8883338560928162,0.8708333333333333,0.8201438848920863,0.95,0.8803088803088803,0.7511417811268188,0.7916666666666666,0.9405940594059405,456,100,380,24,0.22501037373956193,0.8201438848920863,0.95,False,val,auprc,
boosting,3,0.012865555589190981,0.09901761491201204,0.9195944444444444,0.8868727999236795,0.8691666666666666,0.8055172413793104,0.9733333333333334,0.8815094339622641,0.7548973800765645,0.765,0.9663157894736842,584,141,459,16,0.36584532443997353,0.8055172413793104,0.9733333333333334,False,test,auprc,validation
temperature,4,0.1004043028767531,0.11170842429461203,0.9287022569444445,0.9003371107930602,0.8770833333333333,0.8209219858156028,0.9645833333333333,0.8869731800766283,0.7659870468128636,0.7895833333333333,0.9570707070707071,463,101,379,17,0.37455078959465027,0.8209219858156028,0.9645833333333333,False,val,auprc,
isotonic,2,0.02098501487790296,0.10334741065884988,0.9141347222222223,0.8674188558961938,0.8225,0.8511796733212341,0.7816666666666666,0.8149435273675065,0.6471617149415072,0.8633333333333333,0.7981510015408321,469,82,518,131,0.8113207817077637,0.8511796733212341,0.7816666666666666,False,test,auprc,validation
boosting,4,0.020860436194167564,0.10610848489769784,0.9042152777777777,0.8627548387910849,0.8625,0.803347280334728,0.96,0.8747152619589977,0.7391900523696061,0.765,0.9503105590062112,576,141,459,24,0.32917108680756746,0.803347280334728,0.96,False,test,auprc,validation
beta,5,0.03359352638080656,0.10579586395994621,0.9101519097222223,0.8621944299878886,0.8708333333333333,0.8212996389891697,0.9479166666666666,0.8800773694390716,0.7506406835915439,0.79375,0.9384236453201971,455,99,381,25,0.22394833213195486,0.8212996389891697,0.9479166666666666,False,val,auprc,
platt,1,0.030327662576639883,0.10644617806884608,0.914453125,0.8806468186078613,0.8635416666666667,0.8201834862385321,0.93125,0.8721951219512195,0.7338429519038969,0.7958333333333333,0.9204819277108434,447,98,382,33,0.42226950110931194,0.8201834862385321,0.93125,False,val,auprc,
isotonic,4,0.03887781636634221,0.0962084602146549,0.9276822916666667,0.885031836089306,0.871875,0.8227848101265823,0.9479166666666666,0.8809293320425944,0.7525033641763711,0.7958333333333333,0.9385749385749386,455,98,382,25,0.36124056577682495,0.8227848101265823,0.9479166666666666,False,val,auprc,
temperature,4,0.11146812454486886,0.12333970135399189,0.9097541666666666,0.858378189061981,0.86,0.8,0.96,0.8727272727272728,0.7348469228349535,0.76,0.95,576,144,456,24,0.37455078959465027,0.8,0.96,False,test,auprc,validation
temperature,1,0.031144725242629664,0.09811422341524353,0.9172694444444445,0.8659835144106961,0.8758333333333334,0.8282387190684134,0.9483333333333334,0.8842268842268842,0.7596953896067068,0.8033333333333333,0.9395711500974658,569,118,482,31,0.4727664887905121,0.8282387190684134,0.9483333333333334,False,test,auprc,validation
boosting,1,0.017041871627263522,0.1053940170032211,0.9165885416666666,0.8838063973834972,0.8645833333333334,0.8216911764705882,0.93125,0.8730468749999999,0.7357358684334667,0.7979166666666667,0.9206730769230769,447,97,383,33,0.5469908587721745,0.8216911764705882,0.93125,False,val,auprc,
boosting,4,0.03999162297824774,0.09643601864042241,0.9246723090277778,0.8822761407555562,0.8739583333333333,0.8211091234347049,0.95625,0.8835418671799808,0.7582568778673967,0.7916666666666666,0.9476309226932669,459,100,380,21,0.32917108680756746,0.8211091234347049,0.95625,False,val,auprc,
boosting,2,0.023557759283185074,0.10370807011280443,0.9134069444444444,0.8652171652372577,0.8433333333333334,0.847972972972973,0.8366666666666667,0.8422818791946309,0.6867277118431812,0.85,0.8388157894736842,502,90,510,98,0.7581322080979042,0.847972972972973,0.8366666666666667,False,test,auprc,validation
platt,1,0.02797333751635067,0.09796805947915282,0.9172694444444445,0.8659835144106961,0.8758333333333334,0.8282387190684134,0.9483333333333334,0.8842268842268842,0.7596953896067068,0.8033333333333333,0.9395711500974658,569,118,482,31,0.42226950110931194,0.8282387190684134,0.9483333333333334,False,test,auprc,validation
beta,1,0.014565276637520186,0.10589861370052754,0.914453125,0.8806468186078613,0.8635416666666667,0.8201834862385321,0.93125,0.8721951219512195,0.7338429519038969,0.7958333333333333,0.9204819277108434,447,98,382,33,0.5261579474934314,0.8201834862385321,0.93125,False,val,auprc,
isotonic,2,0.02751215461951991,0.11436898548588921,0.8979253472222224,0.8486686918472933,0.80625,0.8237885462555066,0.7791666666666667,0.8008565310492504,0.6134005281230657,0.8333333333333334,0.7905138339920948,374,80,400,106,0.8113207817077637,0.8237885462555066,0.7791666666666667,False,val,auprc,
boosting,5,0.026721406669067752,0.10008642208957233,0.9180652777777778,0.8831681192246736,0.87,0.8189655172413793,0.95,0.8796296296296298,0.7496578310876246,0.79,0.9404761904761905,570,126,474,30,0.3406464353035773,0.8189655172413793,0.95,False,test,auprc,validation
isotonic,3,0.024202492600306873,0.09539057531524975,0.9254817708333334,0.8905973358260435,0.8739583333333333,0.8330241187384044,0.9354166666666667,0.8812561334641805,0.7536314573618559,0.8125,0.9263657957244655,449,90,390,31,0.3945018947124481,0.8330241187384044,0.9354166666666667,False,val,auprc,
boosting,2,0.030084132294456053,0.11433865214423466,0.8971484375000001,0.8503832705847496,0.83125,0.8205645161290323,0.8479166666666667,0.834016393442623,0.6628683625527884,0.8145833333333333,0.8426724137931034,407,89,391,73,0.7581322080979042,0.8205645161290323,0.8479166666666667,False,val,auroc,
beta,4,0.037217922406287664,0.10807632001229645,0.9099,0.8583623230500136,0.8608333333333333,0.8079658605974396,0.9466666666666667,0.8718342287029931,0.7325411728869667,0.775,0.9356136820925554,568,135,465,32,0.28817898354153754,0.8079658605974396,0.9466666666666667,False,test,auroc,validation
beta,5,0.028529911524935406,0.10086403388592724,0.9196875000000001,0.8786516984775383,0.87,0.8180515759312321,0.9516666666666667,0.8798151001540833,0.7500727712729265,0.7883333333333333,0.9422310756972112,571,127,473,29,0.22394833213195486,0.8180515759312321,0.9516666666666667,False,test,auroc,validation
beta,4,0.03556487277049431,0.09643843512485424,0.9294184027777778,0.9015699424324325,0.8739583333333333,0.8211091234347049,0.95625,0.8835418671799808,0.7582568778673967,0.7916666666666666,0.9476309226932669,459,100,380,21,0.28817898354153754,0.8211091234347049,0.95625,False,val,auroc,
temperature,2,0.1145005294859099,0.12598259904718204,0.8977864583333334,0.8535732657967288,0.834375,0.8203592814371258,0.85625,0.8379204892966362,0.6693909348874123,0.8125,0.8496732026143791,411,90,390,69,0.699360191822052,0.8203592814371258,0.85625,False,val,auroc,
temperature,5,0.1320814636334156,0.12086802665653518,0.919688888888889,0.8786561928803851,0.87,0.8180515759312321,0.9516666666666667,0.8798151001540833,0.7500727712729265,0.7883333333333333,0.9422310756972112,571,127,473,29,0.40304306149482727,0.8180515759312321,0.9516666666666667,False,test,auroc,validation
isotonic,5,0.03754595282565181,0.10400213852513804,0.9087955729166667,0.8583278852314488,0.8708333333333333,0.8248175182481752,0.9416666666666667,0.8793774319066148,0.7492230166132511,0.8,0.9320388349514563,452,96,384,28,0.5440000295639038,0.8248175182481752,0.9416666666666667,False,val,auroc,
temperature,1,0.03932588864117859,0.10935986017996566,0.9093359375000001,0.8760567551063285,0.8645833333333334,0.8205128205128205,0.9333333333333333,0.8732943469785575,0.7361588753495923,0.7958333333333333,0.9227053140096618,448,98,382,32,0.44537991285324097,0.8205128205128205,0.9333333333333333,False,val,auroc,
platt,4,0.06269167691734409,0.11507020195279552,0.9099,0.8583623230500136,0.8608333333333333,0.8079658605974396,0.9466666666666667,0.8718342287029931,0.7325411728869667,0.775,0.9356136820925554,568,135,465,32,0.21212106388081348,0.8079658605974396,0.9466666666666667,False,test,auroc,validation
temperature,5,0.13383522550963486,0.12457736528931738,0.9101519097222222,0.8621925866266702,0.8708333333333333,0.8212996389891697,0.9479166666666666,0.8800773694390716,0.7506406835915439,0.79375,0.9384236453201971,455,99,381,25,0.40304306149482727,0.8212996389891697,0.9479166666666666,False,val,auroc,
platt,3,0.06563117935504358,0.107522925304515,0.924296875,0.891384264349539,0.86875,0.8206521739130435,0.94375,0.8779069767441859,0.7459395627006561,0.79375,0.9338235294117647,453,99,381,27,0.23366169818320917,0.8206521739130435,0.94375,False,val,auroc,
platt,5,0.05734066895414675,0.10462127726161537,0.919688888888889,0.8786561928803851,0.87,0.8180515759312321,0.9516666666666667,0.8798151001540833,0.7500727712729265,0.7883333333333333,0.9422310756972112,571,127,473,29,0.16507476475386135,0.8180515759312321,0.9516666666666667,False,test,auroc,validation
platt,3,0.07539953001618456,0.11208032384659572,0.9197111111111111,0.89137674523217,0.8641666666666666,0.809052333804809,0.9533333333333334,0.8752869166029075,0.7401986189035894,0.775,0.9432048681541582,572,135,465,28,0.23366169818320917,0.809052333804809,0.9533333333333334,False,test,auroc,validation
beta,2,0.02733188604292671,0.10429987695330127,0.9138583333333334,0.8745543757740541,0.85,0.8488372093023255,0.8516666666666667,0.8502495840266222,0.7000038889212966,0.8483333333333334,0.8511705685618729,511,91,509,89,0.7507509273167992,0.8488372093023255,0.8516666666666667,False,test,auroc,validation
boosting,3,0.04419527767475982,0.09911113644452009,0.9225412326388889,0.8855128929355189,0.8708333333333333,0.8272058823529411,0.9375,0.8789062499999999,0.7483484833208977,0.8041666666666667,0.9278846153846154,450,94,386,30,0.38225552435728133,0.8272058823529411,0.9375,False,val,auroc,
platt,2,0.06857022370173575,0.110180311175058,0.9138583333333334,0.8745543757740541,0.85,0.8488372093023255,0.8516666666666667,0.8502495840266222,0.7000038889212966,0.8483333333333334,0.8511705685618729,511,91,509,89,0.5623726947473221,0.8488372093023255,0.8516666666666667,False,test,auroc,validation
temperature,3,0.09603734612464905,0.11289859326328146,0.9197111111111111,0.89137674523217,0.8641666666666666,0.809052333804809,0.9533333333333334,0.8752869166029075,0.7401986189035894,0.775,0.9432048681541582,572,135,465,28,0.3567540645599365,0.809052333804809,0.9533333333333334,False,test,auroc,validation
isotonic,1,0.020703850563926006,0.10239748064809365,0.9100874999999999,0.856883979387194,0.8716666666666667,0.8289085545722714,0.9366666666666666,0.8794992175273866,0.7496952518513121,0.8066666666666666,0.9272030651340997,562,116,484,38,0.6171428561210632,0.8289085545722714,0.9366666666666666,False,test,auroc,validation
temperature,2,0.09784811080743869,0.112919184031774,0.9138583333333334,0.8745543757740541,0.85,0.8488372093023255,0.8516666666666667,0.8502495840266222,0.7000038889212966,0.8483333333333334,0.8511705685618729,511,91,509,89,0.699360191822052,0.8488372093023255,0.8516666666666667,False,test,auroc,validation
isotonic,5,0.016225598454475413,0.09976502148802809,0.9183541666666666,0.8714771235834367,0.8716666666666667,0.8231884057971014,0.9466666666666667,0.8806201550387597,0.7518396496372715,0.7966666666666666,0.9372549019607843,568,122,478,32,0.5440000295639038,0.8231884057971014,0.9466666666666667,False,test,auroc,validation
beta,1,0.021074732731421915,0.1008028884957995,0.9142083333333333,0.8671438702879101,0.8741666666666666,0.8277372262773722,0.945,0.8824902723735408,0.7559576055266286,0.8033333333333333,0.9359223300970874,567,118,482,33,0.5047850368438499,0.8277372262773722,0.945,False,test,auroc,validation
boosting,5,0.04032964697989106,0.10420970988590228,0.9118467881944445,0.871707628292638,0.8708333333333333,0.822463768115942,0.9458333333333333,0.8798449612403102,0.7501539105125242,0.7958333333333333,0.9362745098039216,454,98,382,26,0.3406464353035773,0.822463768115942,0.9458333333333333,False,val,auroc,
boosting,1,0.017994450869615503,0.10362493447372292,0.9061722222222223,0.8530802300996848,0.8716666666666667,0.8289085545722714,0.9366666666666666,0.8794992175273866,0.7496952518513121,0.8066666666666666,0.9272030651340997,562,116,484,38,0.5509535104483197,0.8289085545722714,0.9366666666666666,False,test,auroc,validation
beta,2,0.044091141978383416,0.11466172652562721,0.8977864583333334,0.8535732657967288,0.834375,0.8203592814371258,0.85625,0.8379204892966362,0.6693909348874123,0.8125,0.8496732026143791,411,90,390,69,0.7507509273167992,0.8203592814371258,0.85625,False,val,auroc,
isotonic,3,0.01802845483024915,0.1021241167196821,0.9194930555555555,0.8812489393057201,0.8658333333333333,0.8176555716353111,0.9416666666666667,0.8752904725019365,0.7402298691131795,0.79,0.931237721021611,565,126,474,35,0.4444444477558136,0.8176555716353111,0.9416666666666667,False,test,auroc,validation
isotonic,4,0.023346067052334534,0.1058874635589823,0.9090069444444445,0.8605563444404873,0.8608333333333333,0.8079658605974396,0.9466666666666667,0.8718342287029931,0.7325411728869667,0.775,0.9356136820925554,568,135,465,32,0.4262295067310333,0.8079658605974396,0.9466666666666667,False,test,auroc,validation
beta,3,0.03399452544221369,0.10489151895209206,0.9094861111111112,0.8532771931018343,0.8641666666666666,0.809052333804809,0.9533333333333334,0.8752869166029075,0.7401986189035894,0.775,0.9432048681541582,572,135,465,28,0.28149457393660454,0.809052333804809,0.9533333333333334,False,test,auroc,validation
platt,5,0.07426609567371488,0.11227919751846911,0.9101519097222222,0.8621925866266702,0.8708333333333333,0.8212996389891697,0.9479166666666666,0.8800773694390716,0.7506406835915439,0.79375,0.9384236453201971,455,99,381,25,0.16507476475386135,0.8212996389891697,0.9479166666666666,False,val,auroc,
platt,2,0.07870595695676094,0.12116209030844761,0.8977864583333334,0.8535732657967288,0.834375,0.8203592814371258,0.85625,0.8379204892966362,0.6693909348874123,0.8125,0.8496732026143791,411,90,390,69,0.5623726947473221,0.8203592814371258,0.85625,False,val,auroc,
platt,4,0.07443839209341882,0.1023671519773813,0.9294184027777778,0.9015699424324325,0.8739583333333333,0.8211091234347049,0.95625,0.8835418671799808,0.7582568778673967,0.7916666666666666,0.9476309226932669,459,100,380,21,0.21212106388081348,0.8211091234347049,0.95625,False,val,auroc,
temperature,3,0.08539618281647562,0.1065462934119402,0.924296875,0.8913849787740558,0.86875,0.8206521739130435,0.94375,0.8779069767441859,0.7459395627006561,0.79375,0.9338235294117647,453,99,381,27,0.3567540645599365,0.8206521739130435,0.94375,False,val,auroc,
isotonic,1,0.017471751850098374,0.10964636902009268,0.9069140625,0.8623474792044897,0.859375,0.822429906542056,0.9166666666666666,0.8669950738916257,0.7235153325974325,0.8020833333333334,0.9058823529411765,440,95,385,40,0.6171428561210632,0.822429906542056,0.9166666666666666,False,val,auroc,
beta,3,0.022601200974382195,0.100026457394055,0.9239366319444445,0.894112432090814,0.86875,0.8206521739130435,0.94375,0.8779069767441859,0.7459395627006561,0.79375,0.9338235294117647,453,99,381,27,0.28149457393660454,0.8206521739130435,0.94375,False,val,auroc,
boosting,3,0.015165980106417471,0.10257759509319128,0.9166166666666667,0.8801235470006871,0.865,0.8128571428571428,0.9483333333333334,0.8753846153846154,0.7403551271421805,0.7816666666666666,0.938,569,131,469,31,0.38225552435728133,0.8128571428571428,0.9483333333333334,False,test,auroc,validation
temperature,4,0.09927368710923476,0.11075084544081143,0.9294184027777778,0.9015699424324325,0.8739583333333333,0.8211091234347049,0.95625,0.8835418671799808,0.7582568778673967,0.7916666666666666,0.9476309226932669,459,100,380,21,0.3879564702510834,0.8211091234347049,0.95625,False,val,auroc,
isotonic,2,0.02098501487790296,0.10334741065884988,0.9141347222222223,0.8674188558961938,0.8225,0.8511796733212341,0.7816666666666666,0.8149435273675065,0.6471617149415072,0.8633333333333333,0.7981510015408321,469,82,518,131,0.8113207817077637,0.8511796733212341,0.7816666666666666,False,test,auroc,validation
boosting,4,0.02618612701842358,0.10614368477233642,0.908736111111111,0.8667707390182118,0.8608333333333333,0.8079658605974396,0.9466666666666667,0.8718342287029931,0.7325411728869667,0.775,0.9356136820925554,568,135,465,32,0.42672321676476926,0.8079658605974396,0.9466666666666667,False,test,auroc,validation
beta,5,0.03359352638080656,0.10579586395994621,0.9101519097222223,0.8621944299878886,0.8708333333333333,0.8212996389891697,0.9479166666666666,0.8800773694390716,0.7506406835915439,0.79375,0.9384236453201971,455,99,381,25,0.22394833213195486,0.8212996389891697,0.9479166666666666,False,val,auroc,
platt,1,0.04252867830639252,0.11008265888835288,0.9093359375000001,0.8760567551063285,0.8645833333333334,0.8205128205128205,0.9333333333333333,0.8732943469785575,0.7361588753495923,0.7958333333333333,0.9227053140096618,448,98,382,32,0.3998315653219439,0.8205128205128205,0.9333333333333333,False,val,auroc,
isotonic,4,0.03455155446814994,0.09593695375067014,0.9289626736111112,0.8932513295722917,0.8739583333333333,0.8211091234347049,0.95625,0.8835418671799808,0.7582568778673967,0.7916666666666666,0.9476309226932669,459,100,380,21,0.4262295067310333,0.8211091234347049,0.95625,False,val,auroc,
temperature,4,0.11470990971351663,0.12289553711334619,0.9099,0.8583623230500136,0.8608333333333333,0.8079658605974396,0.9466666666666667,0.8718342287029931,0.7325411728869667,0.775,0.9356136820925554,568,135,465,32,0.3879564702510834,0.8079658605974396,0.9466666666666667,False,test,auroc,validation
temperature,1,0.04092603543773293,0.1016742269437473,0.9142083333333333,0.8671438702879101,0.8741666666666666,0.8277372262773722,0.945,0.8824902723735408,0.7559576055266286,0.8033333333333333,0.9359223300970874,567,118,482,33,0.44537991285324097,0.8277372262773722,0.945,False,test,auroc,validation
boosting,1,0.02039420724327397,0.11031054155500387,0.9053602430555556,0.8627892895730769,0.859375,0.822429906542056,0.9166666666666666,0.8669950738916257,0.7235153325974325,0.8020833333333334,0.9058823529411765,440,95,385,40,0.5509535104483197,0.822429906542056,0.9166666666666666,False,val,auroc,
boosting,4,0.04216792302176952,0.096432426367981,0.9273177083333333,0.8910299971278632,0.8739583333333333,0.8211091234347049,0.95625,0.8835418671799808,0.7582568778673967,0.7916666666666666,0.9476309226932669,459,100,380,21,0.42672321676476926,0.8211091234347049,0.95625,False,val,auroc,
boosting,2,0.023557759283185074,0.10370807011280443,0.9134069444444444,0.8652171652372577,0.8433333333333334,0.847972972972973,0.8366666666666667,0.8422818791946309,0.6867277118431812,0.85,0.8388157894736842,502,90,510,98,0.7581322080979042,0.847972972972973,0.8366666666666667,False,test,auroc,validation
platt,1,0.03439884329809825,0.1017769048748525,0.9142083333333333,0.8671438702879101,0.8741666666666666,0.8277372262773722,0.945,0.8824902723735408,0.7559576055266286,0.8033333333333333,0.9359223300970874,567,118,482,33,0.3998315653219439,0.8277372262773722,0.945,False,test,auroc,validation
beta,1,0.022546598907794854,0.10826710102735161,0.9093359375000001,0.8760567551063285,0.8645833333333334,0.8205128205128205,0.9333333333333333,0.8732943469785575,0.7361588753495923,0.7958333333333333,0.9227053140096618,448,98,382,32,0.5047850368438499,0.8205128205128205,0.9333333333333333,False,val,auroc,
isotonic,2,0.02751215461951991,0.11436898548588921,0.8979253472222224,0.8486686918472933,0.80625,0.8237885462555066,0.7791666666666667,0.8008565310492504,0.6134005281230657,0.8333333333333334,0.7905138339920948,374,80,400,106,0.8113207817077637,0.8237885462555066,0.7791666666666667,False,val,auroc,
boosting,5,0.026721406669067752,0.10008642208957233,0.9180652777777778,0.8831681192246736,0.87,0.8189655172413793,0.95,0.8796296296296298,0.7496578310876246,0.79,0.9404761904761905,570,126,474,30,0.3406464353035773,0.8189655172413793,0.95,False,test,auroc,validation
isotonic,3,0.03186539531840631,0.09893576006925205,0.9230381944444445,0.882875367925856,0.871875,0.8336448598130841,0.9291666666666667,0.8788177339901478,0.7486810832964736,0.8145833333333333,0.92,446,89,391,34,0.4444444477558136,0.8336448598130841,0.9291666666666667,False,val,auroc,
