mode	fold	comparison	left_split	right_split	query_proteins	target_proteins	hit_rows_passing_cov	queries_with_hit	queries_with_hit_pct	best_pident_min	best_pident_mean	best_pident_max	queries_best_pident_ge_30	queries_best_pident_ge_30_pct	hit_rows_pident_ge_30	queries_best_pident_ge_40	queries_best_pident_ge_40_pct	hit_rows_pident_ge_40	queries_best_pident_ge_50	queries_best_pident_ge_50_pct	hit_rows_pident_ge_50	queries_best_pident_ge_70	queries_best_pident_ge_70_pct	hit_rows_pident_ge_70	queries_best_pident_ge_90	queries_best_pident_ge_90_pct	hit_rows_pident_ge_90	queries_best_pident_ge_95	queries_best_pident_ge_95_pct	hit_rows_pident_ge_95	queries_best_pident_ge_100	queries_best_pident_ge_100_pct	hit_rows_pident_ge_100
C1	1	train_val	train	val	16524	18823	230142	16518	99.96368917937545	18.8	95.54216006780472	100	16517	99.95763737593803	191865	16514	99.93948196562576	132384	16514	99.93948196562576	41838	16505	99.88501573468893	22677	15521	93.93004115226337	16830	10293	62.29121278140886	10772	1677	10.148874364560639	1712
C1	1	train_test	train	test	17358	18823	247160	17352	99.96543380573799	18.8	95.57162286768119	100	17351	99.95967277336099	206750	17349	99.94815070860699	142998	17349	99.94815070860699	44217	17340	99.89630141721396	23984	16311	93.96819910127896	17742	10892	62.74916465030533	11437	1777	10.23735453393248	1815
C1	1	val_test	val	test	17358	16524	203169	16351	94.19864039635902	15.3	92.98584796036937	100	16222	93.45546721972578	168899	16089	92.68924991358452	116764	15912	91.66954718285517	37953	15555	89.61285862426547	21004	14442	83.20082958866229	15597	9593	55.26558359257979	10006	1535	8.843184698698007	1563
C1	2	train_val	train	val	16561	18822	231200	16554	99.95773202101323	22.3	95.55335266400876	100	16551	99.93961717287604	192930	16549	99.92754060745123	133437	16547	99.91546404202644	42133	16543	99.89131091117686	22928	15548	93.88321961234224	16892	10347	62.47811122516756	10857	1669	10.077893846989916	1706
C1	2	train_test	train	test	17358	18822	246803	17352	99.96543380573799	22.3	95.56517404333782	100	17349	99.94815070860699	206465	17347	99.93662864385298	142921	17345	99.92510657909898	44206	17340	99.89630141721396	23981	16309	93.95667703652495	17740	10889	62.731881553174325	11434	1777	10.23735453393248	1815
C1	2	val_test	val	test	17358	16561	204544	16343	94.15255213734301	15.4	93.19695894266623	100	16238	93.54764373775781	170113	16117	92.85055882014056	117829	15954	91.91151054268926	38257	15599	89.86634404885355	21242	14486	83.45431501325038	15682	9648	55.582440373314896	10097	1533	8.831662633944003	1564
C1	3	train_val	train	val	16479	18827	232488	16473	99.96359002366648	27.6	95.57332604868537	100	16472	99.95752169427756	194309	16472	99.95752169427756	133455	16471	99.95145336488865	41640	16464	99.90897505916621	22664	15480	93.93773894046969	16725	10318	62.61302263486862	10772	1670	10.134110079495114	1699
C1	3	train_test	train	test	17358	18827	246945	17353	99.971194838115	49.7	95.58709733187338	100	17353	99.971194838115	206536	17353	99.971194838115	142834	17352	99.96543380573799	44210	17347	99.93662864385298	23985	16315	93.99124323078696	17746	10894	62.760686715059336	11439	1777	10.23735453393248	1815
C1	3	val_test	val	test	17358	16479	205475	16319	94.01428736029496	15.4	93.05743611740903	100	16198	93.31720244267773	171137	16072	92.59131236317548	117969	15906	91.63498098859316	37878	15537	89.50916004147943	21004	14426	83.10865307063025	15508	9625	55.449936628643854	10009	1533	8.831662633944003	1551
C1	4	train_val	train	val	16546	18834	225166	16540	99.96373745920464	60.3	95.59759975816162	100	16540	99.96373745920464	187985	16540	99.96373745920464	130651	16540	99.96373745920464	41841	16537	99.94560618880696	22900	15568	94.08920585035658	16861	10377	62.716064305572345	10865	1662	10.044723800314275	1696
C1	4	train_test	train	test	17358	18834	247343	17354	99.97695587049199	53.7	95.59545349775294	100	17354	99.97695587049199	206907	17354	99.97695587049199	143109	17354	99.97695587049199	44232	17351	99.95967277336099	23998	16321	94.02580942504896	17752	10899	62.789491876944346	11444	1778	10.243115566309482	1816
C1	4	val_test	val	test	17358	16546	198867	16390	94.4233206590621	14.4	93.08136058572308	100	16287	93.8299343242309	165518	16152	93.05219495333564	115411	15962	91.95759880170526	37985	15585	89.78568959557553	21197	14514	83.61562391980642	15644	9681	55.772554441755965	10104	1528	8.802857472058992	1554
C1	5	train_val	train	val	16504	18829	227579	16500	99.97576345128454	41.8	95.5626787878792	100	16500	99.97576345128454	189226	16500	99.97576345128454	131013	16498	99.9636451769268	41152	16493	99.93334949103247	22676	15474	93.75908870576829	16760	10328	62.57876878332525	10778	1654	10.021812893843917	1686
C1	5	train_test	train	test	17358	18829	247129	17354	99.97695587049199	41.8	95.58557104990213	100	17354	99.97695587049199	206769	17354	99.97695587049199	142986	17352	99.96543380573799	44229	17348	99.94238967622998	23988	16317	94.00276529554097	17746	10895	62.76644774743634	11438	1777	10.23735453393248	1815
C1	5	val_test	val	test	17358	16504	201132	16387	94.4060375619311	14.2	92.93280649295166	100	16265	93.70319161193686	166555	16119	92.86208088489457	115737	15951	91.89422744555824	37462	15576	89.73384030418251	21002	14421	83.07984790874525	15547	9632	55.49026385528287	10015	1519	8.751008180665975	1547
C2	1	train_val	train	val	12366	17123	143343	11596	93.77324923176451	14.7	92.33715074163527	100	11488	92.89988678634967	118591	11358	91.84861717612809	81248	11217	90.70839398350316	26545	10889	88.05595989002103	14764	10078	81.49765486010027	10897	6670	53.93821769367621	6964	1039	8.402070192463206	1062
C2	1	train_test	train	test	11365	17123	125554	10597	93.24241091069072	14.7	92.02098707181268	100	10488	92.2833260008799	103406	10357	91.13066432028157	71253	10216	89.89001319841618	24330	9890	87.02155741311043	13581	9139	80.41355037395512	9861	6054	53.26880774307083	6284	908	7.989441267047955	924
C2	1	val_test	val	test	11365	12366	79928	9643	84.84821821381435	14.8	89.63411801306681	100	9466	83.2908051033876	64932	9283	81.68059832820062	44958	9054	79.66564012318521	18038	8575	75.45094588649363	11117	7782	68.47338319401672	8260	5160	45.402551693796745	5301	760	6.687197536295645	770
C2	2	train_val	train	val	11442	16956	127287	10553	92.23037930431742	14.2	91.80688903629284	100	10443	91.26900891452543	104452	10303	90.04544660024472	72200	10151	88.71700751616851	24292	9807	85.71054011536445	13525	9018	78.81489250131096	9717	5983	52.2898094738682	6222	889	7.769620695682573	901
C2	2	train_test	train	test	11512	16956	122204	10621	92.26025017373176	14.2	91.85667074663424	100	10512	91.31341209173037	101456	10371	90.08860319666435	71438	10219	88.76824183460737	24190	9874	85.77136900625435	13505	9107	79.10875608061154	9920	6079	52.805767894371094	6365	908	7.887421820708825	923
C2	2	val_test	val	test	11512	11442	71962	9505	82.56601806810285	13.8	88.3383061546556	100	9269	80.51598332175122	59097	9033	78.46594857539958	42777	8775	76.22480889506602	17195	8241	71.58617095205004	10654	7453	64.74113968033356	7959	4924	42.77275886031967	5092	719	6.245656706045865	733
C2	3	train_val	train	val	12108	17053	141637	11232	92.76511397423191	16.4	92.4645032051282	100	11133	91.94747274529237	117009	11022	91.03072348860258	80747	10889	89.93227618103732	26309	10576	87.34720845721837	14547	9748	80.50875454245127	10505	6486	53.56788899900892	6753	980	8.093822266270234	996
C2	3	train_test	train	test	11462	17053	134680	10586	92.35735473739312	16.4	92.28846589835624	100	10488	91.50235560984122	111355	10376	90.52521374978188	76744	10242	89.35613331006805	25078	9928	86.61664630954458	13688	9164	79.95114290699703	9950	6127	53.45489443378119	6416	943	8.227185482463794	955
C2	3	val_test	val	test	11462	12108	86910	9617	83.90333275170127	14.5	89.35342622439433	100	9435	82.31547722910487	71480	9241	80.62292793578781	49969	8990	78.43308323154773	18704	8499	74.14936311289479	11197	7717	67.32681905426627	8230	5159	45.009596928982724	5337	764	6.665503402547548	769
C3	1	train_val	train	val	3706	10898	27989	1589	42.87641662169455	13.3	55.13020767778478	100	1373	37.04803022126282	22954	1176	31.7323259579061	15365	932	25.14840798704803	3350	395	10.658391797085807	843	96	2.5903939557474365	176	35	0.9444144630329195	59	7	0.18888289260658392	8
C3	1	train_test	train	test	3554	10898	26833	1556	43.781654473832305	14.2	54.83817480719797	100	1346	37.87281935846933	22458	1146	32.24535734383793	14953	895	25.18289251547552	3314	389	10.945413618458076	814	93	2.6167698368036016	177	31	0.8722566122678672	62	4	0.11254924029262803	4
C3	1	val_test	val	test	3554	3706	8027	922	25.94259988745076	14.4	50.090780911063014	99.2	745	20.96229600450197	6749	606	17.051209904333145	4594	443	12.464828362408554	1019	163	4.586381541924592	263	41	1.1536297129994373	63	17	0.4783342712436691	18	0	0	0
C3	2	train_val	train	val	3537	10962	26908	1562	44.16171897087928	14.1	53.59186939820747	100	1335	37.74385072094996	21844	1113	31.467345207803223	14147	870	24.597116200169634	2998	326	9.216850438224483	646	85	2.40316652530393	156	39	1.1026293469041561	60	7	0.19790783149561775	7
C3	2	train_test	train	test	3715	10962	28568	1592	42.85329744279946	14.3	55.529836683417	100	1384	37.254374158815615	23751	1176	31.655450874831764	16098	936	25.19515477792732	3488	415	11.17092866756393	894	112	3.0148048452220726	176	44	1.1843876177658144	69	5	0.13458950201884254	5
C3	2	val_test	val	test	3715	3537	9289	1031	27.75235531628533	14.5	50.396217264791446	100	854	22.987886944818303	7630	689	18.5464333781965	5121	498	13.405114401076716	1041	187	5.03364737550471	223	41	1.1036339165545088	46	10	0.2691790040376851	11	2	0.05383580080753701	2
C3	3	train_val	train	val	3515	11110	25237	1594	45.34850640113798	14.4	54.798682559598554	100	1386	39.43100995732575	20299	1178	33.513513513513516	13116	900	25.604551920341393	2885	391	11.12375533428165	788	103	2.930298719772404	189	38	1.0810810810810811	64	7	0.19914651493598862	7
C3	3	train_test	train	test	3563	11110	29080	1562	43.8394611282627	13.3	55.47208706786174	100	1364	38.28234633735616	24308	1157	32.47263541959023	16044	907	25.456076340162785	3305	399	11.198428290766207	819	90	2.5259612685938815	154	40	1.122649452708392	63	7	0.19646365422396855	7
C3	3	val_test	val	test	3563	3515	7826	896	25.147347740667975	14.3	51.87120535714288	100	747	20.965478529329218	6342	606	17.008139208532135	3894	462	12.966601178781925	881	186	5.220319955094022	262	52	1.4594442885209093	62	22	0.6174571989896155	25	1	0.028066236317709794	1
C4	1	train_val	train	val	3176	11410	180	69	2.172544080604534	14.3	19.35507246376812	25.6	0	0	0	0	0	0	0	0	0	0	0	0	0	0	0	0	0	0	0	0	0
C4	1	train_test	train	test	3440	11410	343	229	6.656976744186046	14.5	20.958515283842804	28.8	0	0	0	0	0	0	0	0	0	0	0	0	0	0	0	0	0	0	0	0	0
C4	1	val_test	val	test	3440	3176	225	59	1.7151162790697674	14.2	18.227118644067794	27.4	0	0	0	0	0	0	0	0	0	0	0	0	0	0	0	0	0	0	0	0	0
C4	2	train_val	train	val	3357	11503	214	178	5.302353291629431	14.2	20.888202247191	29.5	0	0	0	0	0	0	0	0	0	0	0	0	0	0	0	0	0	0	0	0	0
C4	2	train_test	train	test	3182	11503	694	332	10.433689503456945	13.8	18.776204819277105	28.8	0	0	0	0	0	0	0	0	0	0	0	0	0	0	0	0	0	0	0	0	0
C4	2	val_test	val	test	3182	3357	9	6	0.18856065367693275	19.3	21.55	23.4	0	0	0	0	0	0	0	0	0	0	0	0	0	0	0	0	0	0	0	0	0
C4	3	train_val	train	val	3331	11488	204	123	3.6925848093665565	14.2	19.311382113821132	28	0	0	0	0	0	0	0	0	0	0	0	0	0	0	0	0	0	0	0	0	0
C4	3	train_test	train	test	3239	11488	248	155	4.785427601111454	14.1	19.59999999999999	28.2	0	0	0	0	0	0	0	0	0	0	0	0	0	0	0	0	0	0	0	0	0
C4	3	val_test	val	test	3239	3331	10	9	0.2778635381290522	14.5	19.422222222222224	29.2	0	0	0	0	0	0	0	0	0	0	0	0	0	0	0	0	0	0	0	0	0
