mode_dir,expected_mode,reported_mode,fold,overall_ok,type_ok,label_values_ok,balance_ok,source_membership_ok,report_mode_ok,constraint_ok,internal_edge_unique_ok,edge_disjoint_ok,cluster_map_ok,homology_cluster_no_leak_ok,cluster_source_ok,train_edges,val_edges,test_edges,train_pos,train_neg,val_pos,val_neg,test_pos,test_neg,source_missing_exact_rows,source_missing_undirected_rows,train_val_protein_overlap,train_test_protein_overlap,val_test_protein_overlap,train_val_edge_overlap,train_test_edge_overlap,val_test_edge_overlap,train_internal_edge_duplicates,val_internal_edge_duplicates,test_internal_edge_duplicates,test_both_seen_in_train,test_one_seen_in_train,test_none_seen_in_train,test_both_cluster_seen_in_train,test_one_cluster_seen_in_train,test_none_cluster_seen_in_train,train_val_homology_cluster_overlap,train_test_homology_cluster_overlap,val_test_homology_cluster_overlap,missing_cluster_map_proteins,sequence_cluster_rows,structure_cluster_rows,fold_dir,total_homology_clusters,total_leaked_cluster_count,leak_cluster_train_val,leak_cluster_train_test,leak_cluster_val_test,test_edge_with_homology_leak
c1,,,1,False,False,True,False,,True,True,False,False,True,False,,118191,29548,36935,59096,59095,14774,14774,18467,18468,,,16506,17338,15289,9,9,4,11,1,1,36876,59,0,36922,13,0,8998,9320,8535,0,,,/teams/YingChiLab_1702378116/YuemingXiao/PPI_yuece_new/newxunlian/id_set_c234/1data_split_n/811/c1/fold_1,9895,9793,8998,9320,8535,36935
c1,,,2,False,False,True,False,,True,True,False,False,True,False,,118191,29548,36935,59096,59095,14774,14774,18467,18468,,,16542,17337,15353,6,13,0,15,0,1,36885,50,0,36924,11,0,9004,9320,8542,0,,,/teams/YingChiLab_1702378116/YuemingXiao/PPI_yuece_new/newxunlian/id_set_c234/1data_split_n/811/c1/fold_2,9895,9792,9004,9320,8542,36935
c1,,,3,False,False,True,False,,True,True,False,False,True,False,,118191,29548,36935,59096,59095,14774,14774,18467,18468,,,16465,17345,15260,8,9,4,12,1,1,36905,30,0,36926,9,0,8969,9322,8505,0,,,/teams/YingChiLab_1702378116/YuemingXiao/PPI_yuece_new/newxunlian/id_set_c234/1data_split_n/811/c1/fold_3,9895,9792,8969,9322,8505,36935
c1,,,4,False,False,True,False,,True,True,False,False,True,False,,118191,29548,36935,59096,59095,14774,14774,18467,18468,,,16539,17351,15344,6,11,2,15,0,1,36918,17,0,36926,9,0,9017,9321,8557,0,,,/teams/YingChiLab_1702378116/YuemingXiao/PPI_yuece_new/newxunlian/id_set_c234/1data_split_n/811/c1/fold_4,9895,9789,9017,9321,8557,36935
c1,,,5,False,False,True,False,,True,True,False,False,True,False,,118192,29547,36935,59096,59096,14774,14773,18467,18468,,,16492,17345,15292,9,10,3,12,0,1,36907,28,0,36928,7,0,9016,9322,8554,0,,,/teams/YingChiLab_1702378116/YuemingXiao/PPI_yuece_new/newxunlian/id_set_c234/1data_split_n/811/c1/fold_5,9895,9790,9016,9322,8554,36935
c2,c2,c2,1,True,True,True,True,,True,True,True,True,True,False,,147680,18460,18460,73840,73840,9230,9230,9230,9230,,,10651,9652,8220,0,0,0,0,0,0,0,18460,0,11115,7345,0,6680,6187,5479,0,,,/teams/YingChiLab_1702378116/YuemingXiao/PPI_yuece_new/newxunlian/id_set_c234/1data_split_n/811/c2/fold_1,9895,8600,6680,6187,5479,18460
c2,c2,c2,2,True,True,True,True,,True,True,True,True,True,False,,147680,18460,18460,73840,73840,9230,9230,9230,9230,,,9563,9629,7861,0,0,0,0,0,0,0,18460,0,10882,7578,0,6212,6195,5348,0,,,/teams/YingChiLab_1702378116/YuemingXiao/PPI_yuece_new/newxunlian/id_set_c234/1data_split_n/811/c2/fold_4,9895,8425,6212,6195,5348,18460
c2,c2,c2,3,True,True,True,True,,True,True,True,True,True,False,,147680,18460,18460,73840,73840,9230,9230,9230,9230,,,10328,9679,8158,0,0,0,0,0,0,0,18460,0,10381,8079,0,6480,6219,5502,0,,,/teams/YingChiLab_1702378116/YuemingXiao/PPI_yuece_new/newxunlian/id_set_c234/1data_split_n/811/c2/fold_5,9895,8581,6480,6219,5502,18460
c3,c3,c3,1,True,True,True,True,,True,True,True,True,True,False,,60096,7512,7512,30048,30048,3756,3756,3756,3756,,,0,0,0,0,0,0,0,0,0,0,0,7512,2101,3141,2270,1070,1097,549,0,,,/teams/YingChiLab_1702378116/YuemingXiao/PPI_yuece_new/newxunlian/id_set_c234/1data_split_n/811/c3/fold_1,9656,1890,1070,1097,549,5242
c3,c3,c3,2,True,True,True,True,,True,True,True,True,True,False,,60976,7622,7622,30488,30488,3811,3811,3811,3811,,,0,0,0,0,0,0,0,0,0,0,0,7622,2153,3348,2121,1088,1069,585,0,,,/teams/YingChiLab_1702378116/YuemingXiao/PPI_yuece_new/newxunlian/id_set_c234/1data_split_n/811/c3/fold_2,9666,1868,1088,1069,585,5501
c3,c3,c3,3,True,True,True,True,,True,True,True,True,True,False,,61024,7628,7628,30512,30512,3814,3814,3814,3814,,,0,0,0,0,0,0,0,0,0,0,0,7628,2073,3267,2288,1094,1090,551,0,,,/teams/YingChiLab_1702378116/YuemingXiao/PPI_yuece_new/newxunlian/id_set_c234/1data_split_n/811/c3/fold_5,9655,1887,1094,1090,551,5340
c4,c4,c4,1,True,True,True,True,,True,True,True,True,True,True,True,51488,6436,6436,25744,25744,3218,3218,3218,3218,,,0,0,0,0,0,0,0,0,0,0,0,6436,0,0,6436,0,0,0,0,18844,18844,/teams/YingChiLab_1702378116/YuemingXiao/PPI_yuece_new/newxunlian/id_set_c234/1data_split_n/811/c4/fold_1,9599,0,0,0,0,0
c4,c4,c4,2,True,True,True,True,,True,True,True,True,True,True,True,51936,6492,6492,25968,25968,3246,3246,3246,3246,,,0,0,0,0,0,0,0,0,0,0,0,6492,0,0,6492,0,0,0,0,18844,18844,/teams/YingChiLab_1702378116/YuemingXiao/PPI_yuece_new/newxunlian/id_set_c234/1data_split_n/811/c4/fold_2,9618,0,0,0,0,0
c4,c4,c4,3,True,True,True,True,,True,True,True,True,True,True,True,52240,6530,6530,26120,26120,3265,3265,3265,3265,,,0,0,0,0,0,0,0,0,0,0,0,6530,0,0,6530,0,0,0,0,18844,18844,/teams/YingChiLab_1702378116/YuemingXiao/PPI_yuece_new/newxunlian/id_set_c234/1data_split_n/811/c4/fold_4,9636,0,0,0,0,0
