Protein1,Protein2,calibrator_beta_fold1_auprc,calibrator_beta_fold1_auroc,calibrator_beta_fold1_f1,calibrator_beta_fold2_auprc,calibrator_beta_fold2_auroc,calibrator_beta_fold2_f1,calibrator_beta_fold3_auprc,calibrator_beta_fold3_auroc,calibrator_beta_fold3_f1,calibrator_beta_fold4_auprc,calibrator_beta_fold4_auroc,calibrator_beta_fold4_f1,calibrator_beta_fold5_auprc,calibrator_beta_fold5_auroc,calibrator_beta_fold5_f1,calibrator_boosting_fold1_auprc,calibrator_boosting_fold1_auroc,calibrator_boosting_fold1_f1,calibrator_boosting_fold2_auprc,calibrator_boosting_fold2_auroc,calibrator_boosting_fold2_f1,calibrator_boosting_fold3_auprc,calibrator_boosting_fold3_auroc,calibrator_boosting_fold3_f1,calibrator_boosting_fold4_auprc,calibrator_boosting_fold4_auroc,calibrator_boosting_fold4_f1,calibrator_boosting_fold5_auprc,calibrator_boosting_fold5_auroc,calibrator_boosting_fold5_f1,calibrator_platt_fold1_auprc,calibrator_platt_fold1_auroc,calibrator_platt_fold1_f1,calibrator_platt_fold2_auprc,calibrator_platt_fold2_auroc,calibrator_platt_fold2_f1,calibrator_platt_fold3_auprc,calibrator_platt_fold3_auroc,calibrator_platt_fold3_f1,calibrator_platt_fold4_auprc,calibrator_platt_fold4_auroc,calibrator_platt_fold4_f1,calibrator_platt_fold5_auprc,calibrator_platt_fold5_auroc,calibrator_platt_fold5_f1,calibrator_temperature_fold1_auprc,calibrator_temperature_fold1_auroc,calibrator_temperature_fold1_f1,calibrator_temperature_fold2_auprc,calibrator_temperature_fold2_auroc,calibrator_temperature_fold2_f1,calibrator_temperature_fold3_auprc,calibrator_temperature_fold3_auroc,calibrator_temperature_fold3_f1,calibrator_temperature_fold4_auprc,calibrator_temperature_fold4_auroc,calibrator_temperature_fold4_f1,calibrator_temperature_fold5_auprc,calibrator_temperature_fold5_auroc,calibrator_temperature_fold5_f1
P43243,P12270,0.05472926149256784,0.09323395111568496,0.0927878752963951,0.4272530506958187,0.4272530506958187,0.37524907853991385,0.062332929009928914,0.029200006786913715,0.1278827860890554,0.0021112297758466925,0.0021826848826031462,0.10783578988760835,0.006323632136373314,0.006323632136373314,0.08778550474374841,0.0414794851436017,0.14853635818159666,0.10341789758998318,0.4511046847536752,0.4511046847536752,0.41620146680138154,0.03692235574442649,0.009607771555487782,0.11851930136974342,0.013906919192242009,0.02835400515621515,0.11360826765805443,0.020277700858206623,0.020277700858206623,0.07849091150385996,0.07468460143835313,0.10438405494859672,0.12742381952079812,0.29406543190845047,0.29406543190845047,0.30611207801659684,0.10401952113087472,0.09062184592385064,0.13556619229807093,0.042292956948058326,0.0426357717975971,0.10823422107550769,0.03265843312132168,0.03265843312132168,0.11951467930160649,0.09515929206495613,0.12763617096203464,0.32529029857744124,0.44560763183889424,0.44560763183889424,0.3097030785375013,0.2348999267320602,0.1575716662193455,0.36264006724323755,0.11438966436036248,0.11096805030401244,0.09262744453029365,0.13406799011506848,0.13406799011506848,0.16139374522316643
Q8IX01,P12270,0.09489266464452734,0.14299628053660657,0.0693682503319879,0.3460218977584225,0.3460218977584225,0.18911045355258388,0.10189151087630637,0.06131928216849573,0.09065894671237094,0.026557398660736857,0.027284905053458954,0.20648858188548377,0.018674709515539126,0.018674709515539126,0.13287058567388635,0.13774006506144867,0.16253310782191513,0.07222147868305957,0.3363969476265412,0.3363969476265412,0.16502897315641363,0.11554228940522532,0.02316430274905023,0.045803661816934245,0.013267022562865003,0.02181870599442396,0.16439857972538816,0.020277700858206623,0.020277700858206623,0.0965710605678521,0.10628969229818867,0.13943522669155606,0.11022242902980903,0.25503885640763707,0.25503885640763707,0.18273769309927806,0.12800385079593296,0.11928623409017607,0.11105409975823244,0.09024345299866277,0.09146803446241396,0.20956772077955343,0.05055445955194395,0.05055445955194395,0.15263960858226877,0.1329462486989959,0.16794674244973581,0.30870445567593185,0.4004686100433244,0.4004686100433244,0.1853329450951359,0.2747280233154348,0.20130434172732414,0.3434230137027172,0.21046002914158088,0.20680973750407425,0.18631108992396583,0.18454656704664207,0.18454656704664207,0.20110895642617022
P07910,P12270,0.13718711640460726,0.18997498355259923,0.2979949797010468,0.393403260318972,0.393403260318972,0.2917244317622607,0.22157877915051388,0.19578292579141804,0.3130194151597907,0.007313142253733735,0.007538951510628492,0.1486808082389361,0.5194233163034413,0.5194233163034413,0.6011960023391447,0.1379744249356902,0.24327306807630691,0.2649848430066783,0.4609159901014188,0.4609159901014188,0.3264527141861936,0.3780507361513077,0.2533823109824666,0.2342032665401885,0.013906919192242009,0.021467381006577524,0.20202457423883474,0.5312736903285711,0.5312736903285711,0.4431631485367231,0.13622387596589722,0.17077301202507145,0.24215343171133985,0.27733521658911414,0.27733521658911414,0.24929599885440362,0.18579701042091315,0.19431840464580002,0.24261605275846887,0.061161090569322625,0.061824947883537755,0.15013880712142164,0.3252363902763165,0.3252363902763165,0.4908366507188846,0.16788787361617505,0.20326604610747132,0.40976241792484175,0.42658796024205486,0.42658796024205486,0.25249702053792056,0.35991616996636855,0.3063283025429959,0.4256509500830067,0.15464939013581724,0.15097237029682029,0.13080331349933563,0.5865393038891195,0.5865393038891195,0.5528605065986719
Q9UKM9,P12270,0.2439274444267154,0.29538104597795933,0.4215480007662372,0.38359400480741573,0.38359400480741573,0.26882719199434285,0.4972661841354229,0.5742158209538161,0.6488898918933175,0.4162774885476258,0.42125532377395064,0.4619631491207552,0.5908784542773089,0.5908784542773089,0.6374865566568306,0.2778081714933866,0.2082591881733075,0.3288318386870972,0.4609159901014188,0.4609159901014188,0.3068314303831712,0.5372256462738758,0.6414994352050314,0.6186510862002303,0.5008542246632727,0.4670259440929883,0.3470115021330026,0.5170043085832693,0.5170043085832693,0.5539165702029337,0.20748225529895115,0.24059660737010025,0.3095617064024315,0.2726251676095316,0.2726251676095316,0.23429775347639384,0.321860452286132,0.385949159500662,0.5062034264445661,0.25661787932319097,0.2613539992762946,0.46917528093188365,0.3830756657571128,0.3830756657571128,0.5305087074357642,0.2483034486747679,0.27983303319160296,0.44838155797685136,0.42114547639138983,0.42114547639138983,0.23737649086920365,0.5199928707956559,0.5283678398402755,0.5326629814633363,0.448755809782011,0.4479050641877194,0.4429130582978812,0.6366190707167949,0.6366190707167949,0.589755923005752
P52272,P12270,0.13667380529960052,0.18942848511134644,0.24129362396732834,0.4291882106071868,0.4291882106071868,0.38016872948123726,0.09345355741152007,0.05381535460818145,0.08296177413022075,0.1121600070422634,0.11461159098668204,0.30061141517739093,0.46443584019718726,0.46443584019718726,0.5748523096562523,0.1379744249356902,0.24327306807630691,0.2548483392510236,0.4511046847536752,0.4511046847536752,0.4932850707288063,0.10949753257779199,0.02045458829480995,0.045803661816934245,0.1492629490672118,0.1628467084106533,0.345633325374574,0.5481719802994559,0.5481719802994559,0.4322633825229144,0.13587171176561874,0.17041273201045895,0.21269189423915189,0.29504702084821377,0.29504702084821377,0.309598422806367,0.12327884757104443,0.11350106510787528,0.1055954049325824,0.14386291968933232,0.1462177504265424,0.30606144831959686,0.28831538594972894,0.28831538594972894,0.4645257748884855,0.16748114217071428,0.2028635748626343,0.3909990146122255,0.446708768410838,0.446708768410838,0.3132096263186706,0.26712028448403724,0.1926559561351391,0.33872203712048016,0.29937938552356413,0.2964056659000962,0.2792857861781028,0.5510452819781789,0.5510452819781789,0.5280083258850997
Q5BKZ1,P12270,0.5244869969811896,0.5378084655421977,0.30834521779409824,0.41104973385556137,0.41104973385556137,0.33455618477377,0.5183270002678689,0.6010857726671416,0.74353767136679,0.001384723033912499,0.0014329395811500108,0.09655262584511351,0.06363133129090774,0.06363133129090774,0.23363412745807252,0.5248126142603075,0.6191992072594831,0.2649848430066783,0.4511046847536752,0.4511046847536752,0.38463558829274097,0.5372256462738758,0.7362057972442152,0.7218682868089003,0.013906919192242009,0.02835400515621515,0.10590909868925603,0.05964576847728682,0.05964576847728682,0.14740911567082565,0.42072864823246714,0.4299081541751595,0.247556405162447,0.2859578811256819,0.2859578811256819,0.27793117989531124,0.33489773694331054,0.40442804316973613,0.6464386758568949,0.03732551813826362,0.03759243573116234,0.09669141929403353,0.08592830031582151,0.08592830031582151,0.21789030160527334,0.4712347146534738,0.47544447193796413,0.41305742338232726,0.43645058755233607,0.43645058755233607,0.281343128754266,0.5331890089123145,0.5470470959979583,0.5853942438753399,0.10310809198637635,0.09981067361142053,0.0822734085055409,0.2665428129203002,0.2665428129203002,0.27575192026419393
P49790,P12270,0.8971818639656616,0.8785571817625476,0.8739950077862326,0.7006833417329938,0.7006833417329938,0.8631217162126437,0.8230713204363633,0.8830342302125626,0.8456777318632203,0.7379603712232355,0.7412263696634124,0.6911318140004025,0.8771477394501217,0.8771477394501217,0.8723412803694625,0.8832184159562024,0.8631730444345451,0.8844417848120519,0.6685285255732633,0.6685285255732633,0.857890158155366,0.7839398062195365,0.7977808287516904,0.8693980173300633,0.6372128980568289,0.7116140130690242,0.6956469521462318,0.8709478048553003,0.8709478048553003,0.8813522363934472,0.9360431701115319,0.9063706908733098,0.9189248026971052,0.49443291569974207,0.49443291569974207,0.8945115072623356,0.72208026872322,0.8531030266081697,0.8632618988822471,0.4786979798076872,0.4867905837518174,0.6944905720154383,0.911342529752686,0.911342529752686,0.9021797767986447,0.9429965717562584,0.9164135128838944,0.7853038978627295,0.6425982096492726,0.6425982096492726,0.8959162097394705,0.832337103517959,0.9067603550246317,0.690732685586227,0.6615504128203649,0.6640551880623754,0.6785822298511982,0.9478058528289384,0.9478058528289384,0.9133380432943303
Q15717,P12270,0.6184239360841544,0.6169270033241195,0.6475880466417911,0.528802241295269,0.528802241295269,0.6246941787598539,0.6108649142285685,0.7097859963763248,0.726499105249329,0.4547285693344765,0.45971226072641214,0.481274089847576,0.7897236468926349,0.7897236468926349,0.77226211079407,0.6513518097046425,0.6064280531803611,0.6389835452897035,0.47161590591411595,0.47161590591411595,0.568453095910905,0.5695412188667818,0.7599133514204099,0.7426007740803648,0.5954624357306854,0.4932971211116299,0.3470115021330026,0.7095043937794107,0.7095043937794107,0.7583753538114805,0.5157450667869974,0.5107700865126914,0.48635892299070116,0.3506927507710913,0.3506927507710913,0.5202963718755208,0.40212178149398,0.49789347718699,0.6167324516568216,0.2721681850172175,0.2772109216727056,0.488442418731543,0.6744004013403917,0.6744004013403917,0.7250602287770312,0.5639311174074626,0.5546397182741489,0.5351684612762643,0.5066432029951887,0.5066432029951887,0.5243582977443987,0.5968035481409952,0.6356983531203169,0.5738786000884707,0.46652483295473707,0.46596677477823345,0.46268982283370724,0.8269883715217053,0.8269883715217053,0.7626264658556278
P26599,P12270,0.11663335173161832,0.1676727844464467,0.16459965578463465,0.5057214677023288,0.5057214677023288,0.5722644412581543,0.2321539712178521,0.20953168521522833,0.5544184260981758,0.006545418809490402,0.006749317761254206,0.14451412091105392,0.013272310904488377,0.013272310904488377,0.1378776627413561,0.14418498496759072,0.25243054218550404,0.13248642268277563,0.47161590591411595,0.47161590591411595,0.4704888199524715,0.36914584943899453,0.23949967411405768,0.4493150504573472,0.013906919192242009,0.023172155635015446,0.20202457423883474,0.020277700858206623,0.020277700858206623,0.0965710605678521,0.12194118071492842,0.15600907034876882,0.1715226112096462,0.3367354423334754,0.3367354423334754,0.4667735665476549,0.1905488834857084,0.20076747825184446,0.409191664278319,0.05917298837098042,0.059801018296325996,0.14585814488243665,0.04395128662309313,0.04395128662309313,0.15608697941845354,0.15131098190793119,0.18670605368999835,0.3619235807812529,0.49205062885216916,0.49205062885216916,0.47086166185890954,0.36635791116441363,0.3147948122104728,0.4964323477303445,0.15057858808930394,0.1469155420033346,0.1268642771640963,0.16683348891252073,0.16683348891252073,0.20516535300727562
O60318,P12270,0.674726944705901,0.6653237157242139,0.6888831615025804,0.5904991435696855,0.5904991435696855,0.7419316129772652,0.7340810255553684,0.8261198745868986,0.825578477388296,0.6820629476320513,0.6858937961797194,0.630647322399619,0.7079548007823406,0.7079548007823406,0.76371330241638,0.6794908647115596,0.5908475251479083,0.6672390559320063,0.6630197692315795,0.6630197692315795,0.7376456401261621,0.7645399158863507,0.7717184389439545,0.8407084120284263,0.6798433888972151,0.7623897386183508,0.6397665229460536,0.7329943672664495,0.7329943672664495,0.7619610751666946,0.5827300083607798,0.5679249806576584,0.538015427137811,0.39252471481434326,0.39252471481434326,0.6686756440450297,0.5381749531481552,0.6705000139748718,0.8186045031700133,0.4111036413484567,0.41844470306159265,0.635641933130659,0.5198091720725595,0.5198091720725595,0.7102560963110178,0.6273145939948555,0.6093008928404445,0.5590397583729445,0.5487692995227427,0.5487692995227427,0.6721856938247961,0.707716557235133,0.7782398506391026,0.6635839720411847,0.6046250271349676,0.606321781651866,0.6162376736320158,0.7357115795334201,0.7357115795334201,0.7498468474222563
